

<feed xmlns="http://www.w3.org/2005/Atom">
  <id>http://localhost:4000/</id>
  <title>Sam Matthews</title>
  <subtitle>Software Developer</subtitle>
  <updated>2023-12-23T20:17:46+00:00</updated>
  <author>
    <name>Sam Matthews</name>
    <uri>http://localhost:4000/</uri>
  </author>
  <link rel="self" type="application/atom+xml" href="http://localhost:4000/feed.xml"/>
  <link rel="alternate" type="text/html" hreflang="en"
    href="http://localhost:4000/"/>
  <generator uri="https://jekyllrb.com/" version="4.3.2">Jekyll</generator>
  <rights> © 2023 Sam Matthews </rights>
  <icon>/assets/img/favicons/favicon.ico</icon>
  <logo>/assets/img/favicons/favicon-96x96.png</logo>


  
  <entry>
    <title>SnippetCLI</title>
    <link href="http://localhost:4000/posts/snippetcli/" rel="alternate" type="text/html" title="SnippetCLI" />
    <published>2023-12-21T22:13:00+00:00</published>
  
    <updated>2023-12-21T22:13:00+00:00</updated>
  
    <id>http://localhost:4000/posts/snippetcli/</id>
    <content src="http://localhost:4000/posts/snippetcli/" />
    <author>
      <name>Sam Matthews</name>
    </author>

  
    
    <category term="CLI" />
    
    <category term="C#" />
    
  

  
    <summary>
      





      To visit the GitHub repo, click here.

To run the command, use snippet --option value.

$ example-command --option value
$ another-command -f file.txt


    </summary>
  

  </entry>

  
  <entry>
    <title>HybridBDY</title>
    <link href="http://localhost:4000/posts/hybridbdy/" rel="alternate" type="text/html" title="HybridBDY" />
    <published>2023-12-21T22:13:00+00:00</published>
  
    <updated>2023-12-21T22:13:00+00:00</updated>
  
    <id>http://localhost:4000/posts/hybridbdy/</id>
    <content src="http://localhost:4000/posts/hybridbdy/" />
    <author>
      <name>Sam Matthews</name>
    </author>

  
    
    <category term="C#" />
    
    <category term="TypeScript" />
    
    <category term="Angular" />
    
    <category term="APIs" />
    
  

  
    <summary>
      





      To visit the GitHub repo, click here.

C# Backend

  controllers
  services
  dtos
  mapping


Angular Frontend

  dashboard showing stats
  goals page, e.g. 3 cycles a week
  integration with python machine learning - which you can view here.


    </summary>
  

  </entry>

</feed>


